Timestamp,Headline,Link
44 Min Ago,Australia’s GDP expands more than expected; fastest pace since September 2023,https://www.cnbc.com/2025/09/03/australias-gdp-expands-more-than-expected-fastest-pace-since-september-2023.html
45 Min Ago,China’s Xi says the world faces ‘peace or war’ as Trump claims Beijing conspiring against U.S.,https://www.cnbc.com/2025/09/03/china-military-day-parade-xi-trump-beijing-us.html
1 Hour Ago,In photos: China’s military might on display with Putin and Kim Jong Un in attendance,https://www.cnbc.com/2025/09/03/chinas-military-might-on-display-with-putin-and-kim-jong-un-in-attendance.html
1 Hour Ago,Trump says stocks “want the tariffs” — but it might be Treasurys instead,https://www.cnbc.com/2025/09/03/cnbc-daily-open-trump-says-stocks-want-tariffs-but-it-might-be-treasurys.html
3 Hours Ago,Shut windows and empty offices: China’s military parade is closed to the public,https://www.cnbc.com/2025/09/02/china-military-parade-victory-day.html
3 Hours Ago,Asia markets trade mixed as tariff concerns weigh,https://www.cnbc.com/2025/09/03/asia-stock-markets-today-nikkei-225-asx-200-kospi-hang-seng-csi-300-sensex-nifty-50.html
